Rechercher,Coût,Clics,Impressions,Conversions
pilo lyon,196.69,364,885,0.0
hotel lyon,17.23,26,596,0.0
auberge de jeunesse lyon,18.6,32,309,0.0
pilo hotel lyon,45.53,99,267,0.0
pilo hotel,39.03,111,260,0.0
hotel lyon pas cher,13.39,20,206,0.0
hotel pas cher lyon,13.29,21,200,0.0
smash burger lyon,7.51,8,132,0.0
meilleur burger lyon,15.67,16,131,0.0
burger lyon,5.84,7,126,0.0
pilo hôtel,8.97,21,88,0.0
hostel lyon,4.61,7,69,0.0
hotel pilo lyon,16.12,28,69,0.0
hôtel pas cher lyon 20 euros,6.95,11,59,0.0
meilleur burger de lyon,8.07,9,59,0.0
hotel a lyon,2.53,4,57,0.0
lyon hotel,0.63,1,57,0.0
love hotel lyon,3.21,5,46,0.0
hotel pilo,7.3,20,45,0.0
hôtel lyon,2.08,3,45,0.0
hotel lyon centre,1.42,2,38,0.0
prix pilo hôtel,14.12,27,37,0.0
auberge jeunesse lyon,7.95,11,34,0.0
hôtel pas cher lyon,4.09,6,33,0.0
restaurant burger lyon,0.9,1,33,0.0
hotel a lyon pas cher,2.59,4,32,0.0
love room lyon,0.0,0,32,0.0
auberge de jeunesse lyon pas cher,8.1,10,31,0.0
meilleurs burgers lyon,3.95,4,31,0.0
hotel pilot lyon,6.39,11,30,0.0
dayuse lyon,0.76,1,29,0.0
pilo hostel,4.01,9,26,0.0
pilo hôtel lyon,5.82,11,26,0.0
lyon hotel pas cher,3.05,5,24,0.0
pilo lyon hostel,3.7,7,23,0.0
auberge de jeunesse,0.0,0,22,0.0
auberge lyon,1.63,2,22,0.0
le pilo lyon,4.98,8,21,0.0
meilleur smash burger lyon,1.95,2,21,0.0
hotel pas cher a lyon,1.28,2,20,0.0
hotel pas chere lyon,1.18,2,19,0.0
hôtel lyon pas cher,0.0,0,19,0.0
nuit insolite lyon,1.31,2,19,0.0
pillow hotel lyon,3.28,6,19,0.0
formule 1 lyon,0.67,1,18,0.0
hébergement lyon pas cher,2.02,3,18,0.0
hotel dieu lyon,0.74,1,17,0.0
pilo hotels,1.94,6,17,0.0
burgers lyon,0.45,1,16,0.0
burgouzz lyon,0.0,0,16,0.0
chambre d hote lyon,1.32,2,16,0.0
hostel lyon centre,0.67,1,16,0.0
les meilleurs burgers de lyon,2.53,3,16,0.0
meilleur burger lyon 2023,1.75,2,16,0.0
ou dormir a lyon,3.13,5,16,0.0
pilo hostel lyon,4.08,7,16,0.0
ruck hotel lyon,1.34,2,16,0.0
five burger lyon,0.0,0,15,0.0
hotel gare de lyon,0.75,1,15,0.0
lyo hotel lyon,0.0,0,15,0.0
motel lyon,0.66,1,15,0.0
auberge de jeunesse lyon centre,3.67,4,14,0.0
hamburger lyon,0.85,1,14,0.0
hotel moins cher lyon,1.41,2,14,0.0
hotel romantique lyon,0.64,1,14,0.0
hotel villeurbanne,0.0,0,14,0.0
hôtel pas cher à lyon,2.69,4,14,0.0
lyon hostel,4.26,6,14,0.0
pilo croix rousse,2.82,6,14,0.0
staycation lyon,0.0,0,14,0.0
burger sans gluten lyon,0.0,0,13,0.0
hotel jacuzzi lyon,1.97,3,13,0.0
hotel lyon 3,0.66,1,13,0.0
hotel lyon pas cher 1 nuit,1.9,3,13,0.0
hotel vieux lyon,0.0,0,13,0.0
smash burger,0.0,0,13,0.0
formule 1 hotel lyon,0.0,0,12,0.0
grand hotel dieu lyon,0.0,0,12,0.0
hotel restaurant lyon,0.58,1,12,0.0
hôtel pilo lyon,1.4,3,12,0.0
ibis lyon part dieu,1.27,2,12,0.0
pilo lyon hotel,4.89,10,12,0.0
prix pullman lyon,0.0,0,12,0.0
appart hôtel lyon pas cher,1.35,2,11,0.0
auberge de jeunesse vieux lyon,1.28,2,11,0.0
day use lyon,0.72,1,11,0.0
dortoir lyon pas cher,0.45,1,11,0.0
hostel pilo lyon,0.65,1,11,0.0
hotel aéroport lyon pas cher,0.0,0,11,0.0
hotel de jour lyon,0.0,0,11,0.0
hotel insolite lyon,1.23,2,11,0.0
hotel lyon 9,0.0,0,11,0.0
hotel lyon part dieu pas cher,1.24,2,11,0.0
hotel metropole lyon,0.0,0,11,0.0
hotel radisson lyon,0.67,1,11,0.0
hôtel à lyon,0.0,0,11,0.0
lyon auberge de jeunesse,2.76,3,11,0.0
pylo lyon,3.21,5,11,0.0
radisson blu hotel lyon,0.0,0,11,0.0
resto burger lyon,0.87,1,11,0.0
yasi hostel lyon,1.7,2,11,0.0
b&b hotel lyon,0.0,0,10,0.0
b&b lyon,1.2,2,10,0.0
bb hotel lyon,0.62,1,10,0.0
hebergement lyon,0.0,0,10,0.0
hotel avec spa lyon,0.0,0,10,0.0
hotel de charme lyon,0.0,0,10,0.0
hotel lyon 2,0.0,0,10,0.0
hotel lyon croix rousse,0.0,0,10,0.0
hotel pas cher lyon part dieu,0.65,1,10,0.0
hotel social lyon,0.59,1,10,0.0
hébergement lyon,0.67,1,10,0.0
ibis budget lyon,0.0,0,10,0.0
meilleurs burger lyon,0.82,1,10,0.0
pilot hotel lyon,1.18,2,10,0.0
spa privatif lyon couple journée,1.81,3,10,0.0
the ruck hotel lyon,0.0,0,10,0.0
villa florentine lyon,0.58,1,10,0.0
apparthotel lyon,0.0,0,9,0.0
boutique hotel lyon,0.0,0,9,0.0
chambre avec jacuzzi privatif lyon pas cher,0.61,1,9,0.0
cour des loges lyon,0.0,0,9,0.0
hotel croix rousse,0.0,0,9,0.0
hotel lyon 7,0.0,0,9,0.0
hotel lyon spa,0.0,0,9,0.0
hotel part dieu,0.0,0,9,0.0
hotel à l heure lyon,0.0,0,9,0.0
hotels lyon,0.0,0,9,0.0
hôtel ibis lyon,0.66,1,9,0.0
hôtel spa lyon amoureux,0.62,1,9,0.0
junk smash burger lyon,0.0,0,9,0.0
logement insolite lyon,2.58,4,9,0.0
meilleur hamburger lyon,0.71,1,9,0.0
pilo hôtel prix,1.77,3,9,0.0
slo lyon saxe,0.0,0,9,0.0
auberge de jeunesse à lyon,2.71,6,8,0.0
chambre 50 nuances de grey lyon,2.04,3,8,0.0
chambre pas cher lyon,1.28,2,8,0.0
dortoir lyon,1.65,3,8,0.0
hotel boscolo lyon,0.0,0,8,0.0
hotel crayon lyon,0.0,0,8,0.0
hotel groupama stadium,0.0,0,8,0.0
hotel ibis lyon,0.75,1,8,0.0
hotel jacuzzi privatif lyon,0.0,0,8,0.0
hotel lyon centre ville,0.0,0,8,0.0
hotel lyon pas chere,0.61,1,8,0.0
hotel pas cher gare de lyon,0.0,0,8,0.0
hotel pas cher villeurbanne,1.42,2,8,0.0
hotel proche gare de lyon,0.0,0,8,0.0
hotel proche groupama stadium lyon,0.0,0,8,0.0
hotel pullman lyon,0.58,1,8,0.0
hotel rillieux la pape,0.0,0,8,0.0
hotel vaulx en velin,0.6,1,8,0.0
hotel à lyon pas cher,1.48,2,8,0.0
hôtel première classe lyon,0.35,1,8,0.0
livraison burger lyon,0.88,1,8,0.0
meilleur restaurant burger lyon,0.0,0,8,0.0
mob hotel lyon,1.5,2,8,0.0
nuit romantique lyon jacuzzi privatif,0.74,1,8,0.0
appartement jacuzzi lyon,0.63,1,7,0.0
away hostel lyon,0.0,0,7,0.0
bon burger lyon,0.0,0,7,0.0
burger a lyon,0.0,0,7,0.0
chambre jacuzzi privatif lyon,0.0,0,7,0.0
hostel vieux lyon,0.0,0,7,0.0
hotel au mois lyon,0.73,1,7,0.0
hotel avec piscine lyon,0.0,0,7,0.0
hotel centre lyon,0.62,1,7,0.0
hotel de normandie lyon,0.0,0,7,0.0
hotel de ville lyon,0.75,1,7,0.0
hotel du helder lyon,0.0,0,7,0.0
hotel f1 lyon,0.0,0,7,0.0
hotel gare lyon part dieu,0.58,1,7,0.0
hotel helder lyon,0.0,0,7,0.0
hotel ibis lyon part dieu,0.0,0,7,0.0
hotel lyon groupama stadium,0.0,0,7,0.0
hotel lyon ibis budget,0.0,0,7,0.0
hotel lyon perrache,0.0,0,7,0.0
hotel lyon sud,0.0,0,7,0.0
hotel perrache,0.0,0,7,0.0
hotel premiere classe lyon,0.0,0,7,0.0
hotel royal lyon,0.0,0,7,0.0
hotelf1 lyon,0.0,0,7,0.0
hébergement lyon gratuit,0.0,0,7,0.0
hôtel après lyon proche autoroute,0.58,1,7,0.0
hôtel formule 1 lyon part dieu,0.64,1,7,0.0
hôtel pas cher lyon perrache,0.74,1,7,0.0
hôtel pas cher à lyon centre ville,1.69,3,7,0.0
hôtel romantique lyon,0.64,1,7,0.0
junk burger lyon,0.0,0,7,0.0
la cour des loges lyon,0.49,1,7,0.0
okko hotel lyon,0.0,0,7,0.0
pilo hôtel à propos,1.87,3,7,0.0
slo hostel lyon,0.77,1,7,0.0
smash burger lyon halal,0.91,1,7,0.0
spa privatif lyon journée,0.0,0,7,0.0
appartement hotel lyon,0.0,0,6,0.0
auberges de jeunesse lyon,0.79,1,6,0.0
burger livraison lyon,0.87,1,6,0.0
burger vieux lyon,0.86,1,6,0.0
chambre d hotes lyon,0.0,0,6,0.0
chambre d hôtes lyon,1.21,2,6,0.0
chambre romantique lyon,0.66,1,6,0.0
chez pilo lyon,1.31,3,6,0.0
gare de lyon hotel,0.0,0,6,0.0
grand hotel lyon,0.0,0,6,0.0
hotel 4 etoiles lyon,0.0,0,6,0.0
hotel 5 etoiles lyon,0.75,1,6,0.0
hotel a cote de la gare lyon part dieu,0.0,0,6,0.0
hotel a l heure lyon,0.0,0,6,0.0
hotel a lyon centre,0.76,1,6,0.0
hotel aeroport saint exupery,0.0,0,6,0.0
hotel charme lyon,0.0,0,6,0.0
hotel du theatre lyon,0.0,0,6,0.0
hotel f1 a lyon,1.71,3,6,0.0
hotel hotel dieu lyon,0.0,0,6,0.0
hotel journée lyon,0.75,1,6,0.0
hotel lyon centre pas cher,0.62,1,6,0.0
hotel lyon moins cher,0.59,1,6,0.0
hotel piscine intérieure lyon,0.0,0,6,0.0
hotel piscine lyon,0.74,1,6,0.0
hotel à lyon,0.0,0,6,0.0
hôtel de jour lyon,0.0,0,6,0.0
hôtel formule 1 lyon prix,0.61,1,6,0.0
hôtel gare de lyon pas cher,0.0,0,6,0.0
hôtel lyon luxe,0.0,0,6,0.0
hôtel lyon pas cher formule 1,1.69,3,6,0.0
hôtel moins cher à lyon,1.29,2,6,0.0
hôtel pour une journée en amoureux lyon,0.6,1,6,0.0
hôtel villeurbanne,1.48,2,6,0.0
hôtel à lyon pas cher,0.0,0,6,0.0
hôtels lyon,0.57,1,6,0.0
ibis hotel lyon part dieu,0.0,0,6,0.0
ibis lyon,0.74,1,6,0.0
louer une chambre dans un couvent lyon,0.0,0,6,0.0
love room lyon pas cher,1.39,2,6,0.0
lyon métropole hotel,0.66,1,6,0.0
meilleurs burgers de lyon,1.09,1,6,0.0
pilo,1.62,3,6,0.0
pilo hotels lyon,1.24,2,6,0.0
pilo restaurant lyon,0.97,2,6,0.0
week end à lyon amoureux,0.0,0,6,0.0
appart city lyon,0.57,1,5,0.0
auberge de jeunesse autour de moi,0.44,1,5,0.0
auberge de jeunesse lyon 3,0.0,0,5,0.0
auberge de jeunesse lyon chambre individuelle,0.89,2,5,0.0
bill's burger lyon 7,0.0,0,5,0.0
burger lyon part dieu,0.0,0,5,0.0
burger vegan lyon,0.0,0,5,0.0
chambre d hote sainte foy les lyon,0.0,0,5,0.0
chambre hote lyon,0.72,1,5,0.0
f1 lyon,0.58,1,5,0.0
fat smash lyon,0.84,1,5,0.0
fourviere hotel lyon,0.0,0,5,0.0
franz burger lyon,0.0,0,5,0.0
gonzague burger lyon,0.0,0,5,0.0
hostels lyon,0.0,0,5,0.0
hotel avec parking lyon,0.0,0,5,0.0
hotel bron,0.0,0,5,0.0
hotel centre ville lyon,0.0,0,5,0.0
hotel coquin lyon,0.0,0,5,0.0
hotel couple lyon,0.6,1,5,0.0
hotel de l abbaye lyon,0.0,0,5,0.0
hotel de la croix rousse,0.0,0,5,0.0
hotel fourviere,0.0,0,5,0.0
hotel le moins cher lyon,1.26,2,5,0.0
hotel lyon 69004,0.65,1,5,0.0
hotel lyon 8,0.0,0,5,0.0
hotel lyon 9 pas cher,0.57,1,5,0.0
hotel lyon gare part dieu,0.0,0,5,0.0
hotel lyon jacuzzi,0.48,1,5,0.0
hotel lyon piscine intérieure,0.6,1,5,0.0
hotel lyon prix,1.19,2,5,0.0
hotel lyon saint exupery,0.0,0,5,0.0
hotel moin cher lyon,0.61,1,5,0.0
hotel saint priest,0.64,1,5,0.0
hotel sainte foy les lyon,0.0,0,5,0.0
hotel sofitel lyon,0.0,0,5,0.0
hotel sur lyon,0.0,0,5,0.0
hotel tribe lyon,0.0,0,5,0.0
hotel villeurbanne pas cher,0.74,1,5,0.0
hôtel 5 étoiles lyon,0.0,0,5,0.0
hôtel formule 1 lyon perrache,0.0,0,5,0.0
hôtel jacuzzi privatif lyon,0.0,0,5,0.0
hôtel journée lyon pas cher,0.0,0,5,0.0
hôtel lyon centre,0.0,0,5,0.0
hôtel piscine lyon pas cher,1.3,2,5,0.0
hôtels à lyon,0.64,1,5,0.0
jugendherberge lyon,0.0,0,5,0.0
meininger hotel lyon,0.0,0,5,0.0
nuit et spa lyon,0.0,0,5,0.0
nuit hotel lyon,0.0,0,5,0.0
nuit insolite en amoureux lyon,0.63,1,5,0.0
ou sejourner a lyon,0.0,0,5,0.0
photos de pilo hôtel,0.0,0,5,0.0
pillo hotel lyon,1.34,2,5,0.0
pilo hôtel avis,0.0,0,5,0.0
pilo lyon adresse,0.0,0,5,0.0
prix ibis styles lyon croix rousse,0.0,0,5,0.0
prix sofitel lyon bellecour,0.75,1,5,0.0
